text,id,created_at,edit_history_tweet_ids
"@eliant_capital The new shiny object is #AI 

These narratives are full of hot air..

Cloud
Quantum Computing
Cannabis
EV Trucks
Sports Betting
Blockchain
Metaverse
Artificial Intelligence 

There is a failure to recognize how long it takes for innovation to materialize.",1665886218951819264,2023-06-06T00:59:59.000Z,['1665886218951819264']
"RT @StarryNift: ğŸ’¥StarryNift Citizenship &amp; 3D Space claim is live now!

ğŸ¡Citizenship #Freemint Entrance: https://t.co/hdpSfXMkfX 

ğŸ Citizensâ€¦",1665886202795544576,2023-06-06T00:59:56.000Z,['1665886202795544576']
"RT @StarryNift: ğŸ’¥StarryNift Citizenship &amp; 3D Space claim is live now!

ğŸ¡Citizenship #Freemint Entrance: https://t.co/hdpSfXMkfX 

ğŸ Citizensâ€¦",1665886195279368193,2023-06-06T00:59:54.000Z,['1665886195279368193']
"RT @StarryNift: ğŸ’¥StarryNift Citizenship &amp; 3D Space claim is live now!

ğŸ¡Citizenship #Freemint Entrance: https://t.co/hdpSfXMkfX 

ğŸ Citizensâ€¦",1665886181748543488,2023-06-06T00:59:51.000Z,['1665886181748543488']
"RT @AnaLok17197515: originally issued as a memtoken, it contains  ğŸŸ§ ok i will buy on ethereum decentralized finance, NFTs, and the Metaversâ€¦",1665886181173624832,2023-06-06T00:59:50.000Z,['1665886181173624832']
"RT @StarryNift: ğŸ’¥StarryNift Citizenship &amp; 3D Space claim is live now!

ğŸ¡Citizenship #Freemint Entrance: https://t.co/hdpSfXMkfX 

ğŸ Citizensâ€¦",1665886179441668096,2023-06-06T00:59:50.000Z,['1665886179441668096']
"Great interview with @LorneSugarman of @metav3rsegroup 

#Metaverse #AppleVisionPro #AppleVR #VisionPro #Metaverse #AugmentedReality #VirtualReality  #ROBLOX #Fortnite #Finance #NFT #NFTCommunity #cryptocurrency #bitcoin #Ethereum #doge #dogecoin https://t.co/IWhyaAyWuO",1665886178841690113,2023-06-06T00:59:50.000Z,['1665886178841690113']
"RT @InfiblueNFT: We aims to improve our gaming experience with the most advanced technology ğŸ¥³
Check out our newest #VR inside of the gameğŸ‘€ğŸ¤©â€¦",1665886171606679553,2023-06-06T00:59:48.000Z,['1665886171606679553']
RT @furiosasgarage: Check out my review of the Fimbul Airbike. It's a sweet little ride on and off the racetrack. #staratlas #nfts #metaverâ€¦,1665886160927744000,2023-06-06T00:59:46.000Z,['1665886160927744000']
"RT @Cointelegraph: Grab your virtual backpacks, fellow explorers! ğŸ’âœ¨ 

Prepare to embark on a thrilling journey through the Metaverse as weâ€¦",1665886141629726720,2023-06-06T00:59:41.000Z,['1665886141629726720']
"RT @Sei_Hub: Hominids set its sail to sail the ğŸš¢ @SeiNetwork seas ğŸŒŠÂ enabling #Seilors to enter the metaverse ğŸ”¥

@Hominids is a community baâ€¦",1665901318152781825,2023-06-06T01:59:59.000Z,['1665901318152781825']
"RT @metaisdope: SOLD! TYSM too @KristenValent
for collecting ""Alien Elegance: The Royal Metaverse"" Check out @objktcom

â¬ https://t.co/4IZCâ€¦",1665901306383577089,2023-06-06T01:59:57.000Z,['1665901306383577089']
"RT @sophiaverse: David Hanson Introduces SophiaVerse

A founderâ€™s introduction to an envisioned cinematic #metaverse exploring the future oâ€¦",1665901291271274501,2023-06-06T01:59:53.000Z,['1665901291271274501']
"RT @Mejhool_app: Functional details of Mejhool 

Group QR Codes: Users can create private groups and can share the link or QR code with othâ€¦",1665901270622781440,2023-06-06T01:59:48.000Z,['1665901270622781440']
"RT @1_nfts: Just got my @MadHareSociety Custom!ğŸ”¥
The artwork is sick AF!

How is anyone still sleeping on this project? Staking for $QTM toâ€¦",1665901264926826496,2023-06-06T01:59:47.000Z,['1665901264926826496']
"RT @ReachMetaverse: ğŸ”¥UPDATED TOKENOMICS ğŸ”¥
https://t.co/lcbFp8O4Xu

#ICO is going on at https://t.co/MB07pS887K 

Checkout the tokens Distriâ€¦",1665901248405704706,2023-06-06T01:59:43.000Z,['1665901248405704706']
"RT @prctiu: $20 || 290.000 IDR â€¢ 7 HOURSğŸ’

- RT &amp; Follow @Metaverse_conf",1665901227857838080,2023-06-06T01:59:38.000Z,['1665901227857838080']
"RT @kegofficial_: ğŸ˜€Much interest in airdrop by ""KEG""

Congratulations on getting over 1300 views on this post!

#KEG #AIRDROP #NOW #P2E #Meâ€¦",1665901212129202177,2023-06-06T01:59:34.000Z,['1665901212129202177']
"RT @box_trad: Tournament is coming. 

Date &amp; Time : 
2023/6/1 16:00 (GMT+8) ~2023/6/11 (GMT+8 16:00)
ğŸ”¥First Place with 100 USDT
ğŸ”¥Second Plaâ€¦",1665901186917224448,2023-06-06T01:59:28.000Z,['1665901186917224448']
"í˜„ì¶©ì¼ì„ ê¸°ë¦¬ëŠ” ììœ ë¡œìš´ íŠ¸ìœ—ì„ ì‘ì„±í•´ì£¼ì„¸ìš”

    í¬ìƒì„ ê°ì‚¬í•©ë‹ˆë‹¤ ìš°ë¦¬ëª¨ë‘ ê°ì‚¬í•˜ë©° ì‚´ì•„ê°€ë³´ì
 
    #NFT #CommunitynEarn #NFTcommunity #AnotherWorld #Metaverse #KEI   @ANOTHERworldgm @keI_AWM
    #í˜„ì¶©ì¼ #6ì›”6ì¼",1665901184157368320,2023-06-06T01:59:27.000Z,['1665901184157368320']
"RT @Cuberium: Brands like:

- Nike
- Gucci
- Microsoft

have already moved to the metaverse and engaging with customers in a new way.

Whatâ€¦",1665931517531389952,2023-06-06T03:59:59.000Z,['1665931517531389952']
"RT @edolena_crypto: GM MetaverseğŸ¤©ğŸ‘‹~ğŸª½ğŸ’•

ğŸ®NeoCyberEdoYağŸ®
Uploaded June wallpaper!! 
Checkã€edolenaer ã€‘on Discord. 
https://t.co/X3OUXGB5XK httâ€¦",1665931516113997824,2023-06-06T03:59:59.000Z,['1665931516113997824']
RT @meta_ruffy: ğŸ¥½ so proud #WWDC23 #Metaverse https://t.co/e2Zl3ndeG0,1665931504579379202,2023-06-06T03:59:56.000Z,['1665931504579379202']
RT @MrEdogtagnft: Me vibing with my friends in the metaverse with apple VR glasses when #Bitcoin goes to zero thanks to gary gensler &amp; theâ€¦,1665931482718932998,2023-06-06T03:59:51.000Z,['1665931482718932998']
RT @StockMarketNerd: Turns out all $META needed to do was stop talking about the metaverse &amp; let headlines shift back to FTC drama &amp; EU finâ€¦,1665931447876698112,2023-06-06T03:59:43.000Z,['1665931447876698112']
"RT @Metacade_: ""Metacade and PUBG Mobile Consider Launching Metaverse Games""ğŸ‘€ğŸ”¥

ğŸ”—READ MORE: https://t.co/8kZAqOYip8",1665931446836670465,2023-06-06T03:59:43.000Z,['1665931446836670465']
"RT @AyalaMacki: ğŸFree #NFT GiveawayğŸ

ğŸš¨Drop your $ETH address wallet.

ğŸš¨Follow me and Retweet.

#NFTGiveaways #NFTCommunity #NFTs #NFT #NFTâ€¦",1665931442134872064,2023-06-06T03:59:41.000Z,['1665931442134872064']
"RT @Smart_NFT_News: ğŸ‰ @Gafin_io has partners with @Placewar_game, a P2E game universe.

ğŸ† #GaFin is a gaming platform that provides a complâ€¦",1665931441556045824,2023-06-06T03:59:41.000Z,['1665931441556045824']
"RT @Sei_Hub: Hominids set its sail to sail the ğŸš¢ @SeiNetwork seas ğŸŒŠÂ enabling #Seilors to enter the metaverse ğŸ”¥

@Hominids is a community baâ€¦",1665931427161178117,2023-06-06T03:59:38.000Z,['1665931427161178117']
RT @JavierJ67982447: Building in #Web3 can be a challenge due to the decentralized ecosystem lacking standardization and limit of tools. Thâ€¦,1665931419342831618,2023-06-06T03:59:36.000Z,['1665931419342831618']
"Updated Post: Siemens and MIT Tech Review Probe â€˜The Emergent Industrial Metaverseâ€™ https://t.co/HqqGcAlADh

#Metaverse #Crypto #Web3 #NFT",1665961711944228867,2023-06-06T05:59:58.000Z,['1665961711944228867']
"RT @BTC_Ordinality: #8400 ORDINALS LIVING ON #Bitcoin BLOCKCHAIN

ğŸDon't miss your chance to win and become a part of the metaverse #BITCOIâ€¦",1665961707834056704,2023-06-06T05:59:57.000Z,['1665961707834056704']
"RT @BTC_Ordinality: #8400 ORDINALS LIVING ON #Bitcoin BLOCKCHAIN

ğŸDon't miss your chance to win and become a part of the metaverse #BITCOIâ€¦",1665961702641500161,2023-06-06T05:59:56.000Z,['1665961702641500161']
"RT @BTC_Ordinality: #8400 ORDINALS LIVING ON #Bitcoin BLOCKCHAIN

ğŸDon't miss your chance to win and become a part of the metaverse #BITCOIâ€¦",1665961696765304832,2023-06-06T05:59:55.000Z,['1665961696765304832']
"RT @BitFlowOfficial: ğŸ¥³#BitFlow is proud to announce a new partnership with @SecondLiveReal!

âš¡ï¸#SecondLive is create-to-earn open Metaverseâ€¦",1665961696601702400,2023-06-06T05:59:55.000Z,['1665961696601702400']
I'm verifying my Metaverse identity on @SecondLiveReal!https://t.co/ChMj1ELNpp,1665961689051955202,2023-06-06T05:59:53.000Z,['1665961689051955202']
I'm verifying my Metaverse identity on @SecondLiveReal!https://t.co/7i2GYdHm3g,1665961689035186179,2023-06-06T05:59:53.000Z,['1665961689035186179']
I'm verifying my Metaverse identity on @SecondLiveReal!https://t.co/ZA3bYvmmxv,1665961688930320391,2023-06-06T05:59:53.000Z,['1665961688930320391']
I'm verifying my Metaverse identity on @SecondLiveReal!https://t.co/KdqUcHA40L,1665961688880013312,2023-06-06T05:59:53.000Z,['1665961688880013312']
I'm verifying my Metaverse identity on @SecondLiveReal!https://t.co/UXeNjlM0tO,1665961688825491462,2023-06-06T05:59:53.000Z,['1665961688825491462']
"RT @superboyiii: The best Chinese NFT project! @RivermenNFT
A great metaverse is on the way!",1665976810947981312,2023-06-06T06:59:58.000Z,['1665976810947981312']
"RT @BTC_Ordinality: #8400 ORDINALS LIVING ON #Bitcoin BLOCKCHAIN

ğŸDon't miss your chance to win and become a part of the metaverse #BITCOIâ€¦",1665976805256478721,2023-06-06T06:59:57.000Z,['1665976805256478721']
@MHiesboeck @UpholdInc How to protect yourself in #metaverse :  https://t.co/wzScQeu7iG,1665976798448869376,2023-06-06T06:59:55.000Z,['1665976798448869376']
RT @WizLikeWizard: VCs pivoting from AI back to Metaverse. https://t.co/hP4ghMagmb,1665976789590589440,2023-06-06T06:59:53.000Z,['1665976789590589440']
RT @meta_ruffy: Looking for a family-friendly #metaverse experience? You have found it in #RuffyWorld. This incredible metaverse is being bâ€¦,1665976789016125440,2023-06-06T06:59:53.000Z,['1665976789016125440']
"Happy Tortoise-day to all #NFT loverğŸ¢ 

#NFTs #NFTProject #AgentF #Franky #Metaverse https://t.co/mEekwWr71h",1665976782091354112,2023-06-06T06:59:51.000Z,['1665976782091354112']
@Lucia_Jaramillo How to protect yourself in #metaverse :  https://t.co/wzScQeu7iG,1665976781713620992,2023-06-06T06:59:51.000Z,['1665976781713620992']
"RT @decentraland: Decentraland spotted in @fpjindia ğŸ—ï¸

Makeover in metaverse? The fashion world is seeing a tectonic shift owing to digitaâ€¦",1665976768807993344,2023-06-06T06:59:48.000Z,['1665976768807993344']
"RT @zk_apes: ğŸ’¥zkApes Roadmap to Apeverse 2.0

Dear zkApes fam.!

We are excited to share our 2.0 roadmap to further enhance #Apeverse develâ€¦",1665976761786441728,2023-06-06T06:59:47.000Z,['1665976761786441728']
"RT @BTC_Ordinality: #8400 ORDINALS LIVING ON #Bitcoin BLOCKCHAIN

ğŸDon't miss your chance to win and become a part of the metaverse #BITCOIâ€¦",1665976755684007936,2023-06-06T06:59:45.000Z,['1665976755684007936']
"RT @CEEK: Ready to #CEEK #ANEWREALITY
 @apple #Visionpro joins #Metaverse 
CEEK has been paving the way for this EPIC moment in #VR #Web3â€¦",1665991899218575360,2023-06-06T07:59:56.000Z,['1665991899218575360']
"@RealJonahBlake @TheSandboxGame @decentraland @AxieInfinity Then I guess these 5 emerging metaverse tokens already know their fate LOL.

Anw, meh ğŸ¤·â€â™€ï¸ğŸ¤·ğŸ¤·â€â™‚ï¸
https://t.co/lUaDNzjwUn",1665991893359169536,2023-06-06T07:59:54.000Z,['1665991893359169536']
RT @_waytrader: à¸šà¹‰à¸²à¸¡à¸²à¸ à¸ªà¸±à¹ˆà¸‡à¸à¸²à¸£à¸”à¹‰à¸§à¸¢à¸•à¸²à¹à¸¥à¸°à¸¡à¸·à¸­ à¸ à¸²à¸à¸—à¸µà¹ˆà¹à¸ªà¸”à¸‡ blend à¹„à¸›à¹€à¸›à¹‡à¸™à¸ªà¹ˆà¸§à¸™à¸«à¸™à¸¶à¹ˆà¸‡à¸‚à¸­à¸‡à¸«à¹‰à¸­à¸‡à¹€à¸¥à¸¢ à¸‹à¹‰à¸­à¸™à¹‚à¸¥à¸à¹€à¸ªà¸¡à¸·à¸­à¸™à¹€à¸‚à¹‰à¸²à¸à¸±à¸šà¹‚à¸¥à¸à¸ˆà¸£à¸´à¸‡ à¹€à¸™à¹‰à¸™à¸à¸²à¸£à¹ƒà¸Šà¹‰à¸Šà¸µà¸§à¸´à¸•à¸›à¸£à¸°à¸ˆà¸³à¸§à¸±à¸™à¹à¸¥â€¦,1665991890762891264,2023-06-06T07:59:54.000Z,['1665991890762891264']
"â€œGnagnagna le Metaverse Ã§a va jamais arriver, les gens vont jamais rester enfermÃ©s chez eux pour vivre dans un monde virtuelâ€.

Dâ€™ici 10 ans, les gens vont aller travailler, puis dÃ©penser tout leur argent dans des mondes virtuels, tant le vrai est devenu invivable pour beaucoup. https://t.co/aHxSAcIald",1665991890343174144,2023-06-06T07:59:53.000Z,['1665991890343174144']
"RT @witchwitch_sns: ğŸ“£Pre-open Retweet Event!ğŸ“£

Check out more on how to participate the new event through the link below
https://t.co/fSIAWâ€¦",1665991889936601088,2023-06-06T07:59:53.000Z,['1665991889936601088']
"RT @BitFlowOfficial: ğŸ¥³#BitFlow is proud to announce a new partnership with @SecondLiveReal!

âš¡ï¸#SecondLive is create-to-earn open Metaverseâ€¦",1665991869208338433,2023-06-06T07:59:48.000Z,['1665991869208338433']
"I received my Arcomia RCM Airdrop Reward ğŸğŸª‚ Learn more at https://t.co/p9VbCDeao1

#ethereum #polygon $matic $eth #metaverse #NFTgiveaway #NFTs #airdrop #arcomia",1665991863202099202,2023-06-06T07:59:47.000Z,['1665991863202099202']
"RT @ultravioletmy: aespa is the face of this project, they have a strong name when it comes to the metaverse, we want @aespa_official involâ€¦",1665991855505559552,2023-06-06T07:59:45.000Z,['1665991855505559552']
"RT @aseprivva: @tanyakanrl Selamat datang di dunia metaverse
Semuanya
https://t.co/txyDN8Mglq",1665991843534999552,2023-06-06T07:59:42.000Z,['1665991843534999552']
"RT @Cointelegraph: Apple has gone in a completely different direction from its tech rivals, making no mention of the Metaverse in its latesâ€¦",1665991835708452865,2023-06-06T07:59:40.000Z,['1665991835708452865']
"RT @Tyler_Did_It: Back tomorrow AM with the crew plus @CSURAM88 and @DeeZe!

On the docket:
-Binance sued by the SEC
-New securities?
-Applâ€¦",1666022114028052480,2023-06-06T09:59:59.000Z,['1666022114028052480']
RT @_waytrader: à¸šà¹‰à¸²à¸¡à¸²à¸ à¸ªà¸±à¹ˆà¸‡à¸à¸²à¸£à¸”à¹‰à¸§à¸¢à¸•à¸²à¹à¸¥à¸°à¸¡à¸·à¸­ à¸ à¸²à¸à¸—à¸µà¹ˆà¹à¸ªà¸”à¸‡ blend à¹„à¸›à¹€à¸›à¹‡à¸™à¸ªà¹ˆà¸§à¸™à¸«à¸™à¸¶à¹ˆà¸‡à¸‚à¸­à¸‡à¸«à¹‰à¸­à¸‡à¹€à¸¥à¸¢ à¸‹à¹‰à¸­à¸™à¹‚à¸¥à¸à¹€à¸ªà¸¡à¸·à¸­à¸™à¹€à¸‚à¹‰à¸²à¸à¸±à¸šà¹‚à¸¥à¸à¸ˆà¸£à¸´à¸‡ à¹€à¸™à¹‰à¸™à¸à¸²à¸£à¹ƒà¸Šà¹‰à¸Šà¸µà¸§à¸´à¸•à¸›à¸£à¸°à¸ˆà¸³à¸§à¸±à¸™à¹à¸¥â€¦,1666022107116081153,2023-06-06T09:59:58.000Z,['1666022107116081153']
"RT @AlexandruDAC: Hi ! 

$SANKI TOP â—ï¸ğŸ‘¾

SOND/BASS ON PLS ğŸ‘½ğŸšï¸

I hope you don't forget to vote!ğŸ“¥

Your vote is important! ğŸ«¡

#SANKI  For yoâ€¦",1666022103861035009,2023-06-06T09:59:57.000Z,['1666022103861035009']
"@tr_clay @CEEK @Apple @Meta @ceekvr Metafluence will be a great option, it is the best and most promising Metaverse out there! 

Go take a look for yourself, and create your account totally free.

https://t.co/lOdKfqKFrl",1666022101038387203,2023-06-06T09:59:56.000Z,['1666022101038387203']
"@TrungTPhan The Metaverse is the ultimate goal, the hardware move is to push other manufacturers to make it so more people use that kind of tech, which will be easier to get people on the Metaverseâ€¦ maybe ğŸ˜…",1666022094155440128,2023-06-06T09:59:55.000Z,['1666022094155440128']
"ğŸš€#RACA $RACA One more Partnership with @BlockchainUCC ğŸ“ğŸ«ğŸª
#web3 #education #Metaverse https://t.co/8r42rIU9wG",1666022091286781952,2023-06-06T09:59:54.000Z,['1666022091286781952']
"RT @shareverse_: ğŸ‘ğŸ‘30K!
ğŸ«¶ğŸ«¶Thanks #Shareverse Fam!!
â¤ï¸Keep going!â¤ï¸

#Shareverse #web3 #metaverse #fam https://t.co/BHHu6Wakzy",1666022088484827136,2023-06-06T09:59:53.000Z,['1666022088484827136']
"@Gate_Nft @worldofdypians @dypius Hi sir, now there are many Metaverse projects and not all of them are successful. So what does @worldofdypians  provide different from all that
@Tafctwt 
@Loki01eth 
@MunaifPromoter1",1666022087113289728,2023-06-06T09:59:53.000Z,['1666022087113289728']
"RT @TheSandboxGame: Apple's Vision Pro headset is a game changer for creativity and social connections in the metaverse. ğŸ‘€ 

With virtual Aâ€¦",1666022082231279616,2023-06-06T09:59:52.000Z,['1666022082231279616']
RT @ceek_btc_usa: #ceek #nft #Metaverse #VisionPro #apple,1666022080477888512,2023-06-06T09:59:51.000Z,['1666022080477888512']
So much for the â€œmetaverseâ€â€¦ https://t.co/97wbyDqzro,1666037214210342917,2023-06-06T10:59:59.000Z,['1666037214210342917']
"RT @CEEK: Ready to #CEEK #ANEWREALITY
 @apple #Visionpro joins #Metaverse 
CEEK has been paving the way for this EPIC moment in #VR #Web3â€¦",1666037214114111489,2023-06-06T10:59:59.000Z,['1666037214114111489']
@mevrtoken https://t.co/3LRX3zNNaU. Free land in metaverse moon @buildmoon,1666037209001086978,2023-06-06T10:59:58.000Z,['1666037209001086978']
"RT @USMverse: Entering the era of spatial computing with #AppleVisionPro, we at @USMverse are thrilled about the potential evolution of theâ€¦",1666037203548422145,2023-06-06T10:59:57.000Z,['1666037203548422145']
"RT @MeStar_Game: ğŸ‰ Itâ€™s time for a MeStar Report Card
â¤ï¸ Around 3000 players possess their own STAR Coins.
ğŸŒ  Earn more Star Coins by compleâ€¦",1666037196204441608,2023-06-06T10:59:55.000Z,['1666037196204441608']
"RT @NetBornGaming: ğŸ‰ ATTENTION! ğŸ‰
ğŸ Massive 300K GUARANTEED GIVEAWAY! ğŸ
ğŸŒŸ Win amazing prizes! ğŸ’°
 ğŸ”¥Don't miss out! Good luck! ğŸ€âœ¨

ğŸ”¥Click herâ€¦",1666037192643452932,2023-06-06T10:59:54.000Z,['1666037192643452932']
"#DXGM who is strong who is smart #OXRO #OXRO #Oxford #YouTuber #NeilMellor #Louisville #Pukki #IrishGrandNational #KimKardashian #UPTHETOWN #Bitcoinâ€¯â€¯â€¯ #avaxâ€¯â€¯â€¯ #NFT #Metaverse #OXRO ready ,are you ready smart project #DXGM &amp; #OXRO",1666037189535322112,2023-06-06T10:59:54.000Z,['1666037189535322112']
"@HichxmDevWeb Ils peuvent ne pas parler de casque, ca reste un casque qui coÃ»te 3k5â‚¬. Qui te permet de naviguer dans des applis ios
ConfÃ©rences, meta ont testÃ© avec leurs mÃ©taverse, ca a fait plouf.
A l'heure actuel, je vois vraiment 0 argument pour justifier d'acheter un truc pareil pour 3k5",1666037184808247297,2023-06-06T10:59:52.000Z,['1666037184808247297']
"RT @Venom_network_: NÃ¼mi has officially launched on the #VenomTestnet! 

Join us as we step into the first-ever metaverse on the Venom blocâ€¦",1666037180907630592,2023-06-06T10:59:52.000Z,['1666037180907630592']
"RT @TheSandboxGame: Apple's Vision Pro headset is a game changer for creativity and social connections in the metaverse. ğŸ‘€ 

With virtual Aâ€¦",1666037175945666563,2023-06-06T10:59:50.000Z,['1666037175945666563']
"RT @MarcoPoloMaps: If Apple event yesterday thought us something is that VR/AR/Metaverse reality is closer than most people think.

This isâ€¦",1666052307560148993,2023-06-06T11:59:58.000Z,['1666052307560148993']
"RT @NetBornGaming: ğŸ‰ ATTENTION! ğŸ‰
ğŸ Massive 300K GUARANTEED GIVEAWAY! ğŸ
ğŸŒŸ Win amazing prizes! ğŸ’°
 ğŸ”¥Don't miss out! Good luck! ğŸ€âœ¨

ğŸ”¥Click herâ€¦",1666052303403769857,2023-06-06T11:59:57.000Z,['1666052303403769857']
"RT @Venom_network_: NÃ¼mi has officially launched on the #VenomTestnet! 

Join us as we step into the first-ever metaverse on the Venom blocâ€¦",1666052301323407360,2023-06-06T11:59:57.000Z,['1666052301323407360']
"RT @CEEK: Ready to #CEEK #ANEWREALITY
 @apple #Visionpro joins #Metaverse 
CEEK has been paving the way for this EPIC moment in #VR #Web3â€¦",1666052298584526848,2023-06-06T11:59:56.000Z,['1666052298584526848']
RT @_waytrader: à¸šà¹‰à¸²à¸¡à¸²à¸ à¸ªà¸±à¹ˆà¸‡à¸à¸²à¸£à¸”à¹‰à¸§à¸¢à¸•à¸²à¹à¸¥à¸°à¸¡à¸·à¸­ à¸ à¸²à¸à¸—à¸µà¹ˆà¹à¸ªà¸”à¸‡ blend à¹„à¸›à¹€à¸›à¹‡à¸™à¸ªà¹ˆà¸§à¸™à¸«à¸™à¸¶à¹ˆà¸‡à¸‚à¸­à¸‡à¸«à¹‰à¸­à¸‡à¹€à¸¥à¸¢ à¸‹à¹‰à¸­à¸™à¹‚à¸¥à¸à¹€à¸ªà¸¡à¸·à¸­à¸™à¹€à¸‚à¹‰à¸²à¸à¸±à¸šà¹‚à¸¥à¸à¸ˆà¸£à¸´à¸‡ à¹€à¸™à¹‰à¸™à¸à¸²à¸£à¹ƒà¸Šà¹‰à¸Šà¸µà¸§à¸´à¸•à¸›à¸£à¸°à¸ˆà¸³à¸§à¸±à¸™à¹à¸¥â€¦,1666052296806121472,2023-06-06T11:59:55.000Z,['1666052296806121472']
"RT @Venom_network_: NÃ¼mi has officially launched on the #VenomTestnet! 

Join us as we step into the first-ever metaverse on the Venom blocâ€¦",1666052294327119873,2023-06-06T11:59:55.000Z,['1666052294327119873']
"@DietWaterGUY @stocktrade2036 Iâ€™ve lived in a strange place for years between everyone here on crypto Twitter downplaying VR/Metaverse who havenâ€™t actually used it and everyone in the non-crypto Metaverses downplaying crypto because they are not familiar with it.  When the two collide, it will be a massiveâ€¦ https://t.co/DMjrnB7FOb",1666052293652004865,2023-06-06T11:59:55.000Z,['1666052293652004865']
"ğŸ“£ $Sui token #Airdrop is live!
CLAIM YOUR TOKENS NOW!
ğŸŒhttps://t.co/cWHHkdHfBK
@Tgame_455 @duoc11111 @Bajulah31 @Madara_Crypto @Bismillah 
#MEXC #Ethereum #Metaverse #BTCUSDT #Crypto #PulseChain #cryptocurrency $psyop #PSYOP #PLS $PLS $PLSX #Ethereum",1666052281400188928,2023-06-06T11:59:52.000Z,['1666052281400188928']
Aguilera also wants to provide entertainment services such as musical performances and metaverse performances.,1666052274341416960,2023-06-06T11:59:50.000Z,['1666052274341416960']
"RT @InfiblueNFT: An example of Infiblue #Economy SectorsğŸ˜ƒğŸš€ğŸ“

You will be available to gain certifications and degrees through the Infiblueâ€¦",1666052264023433216,2023-06-06T11:59:48.000Z,['1666052264023433216']
"RT @Metavers_Worlds: âœ¨ @SkylandNFTs partnership with @Olandbox

âœ¨ #Olandbox is a semantic metaverse, each entity is a NFT, building a semanâ€¦",1666067412838658049,2023-06-06T12:59:59.000Z,['1666067412838658049']
"RT @binance: Today marks the launch of @theweeknd's After Hours til' Dawn Tour!

We've got a lot in store for all fans across the globe, frâ€¦",1666067407931056128,2023-06-06T12:59:58.000Z,['1666067407931056128']
RT @_waytrader: à¸šà¹‰à¸²à¸¡à¸²à¸ à¸ªà¸±à¹ˆà¸‡à¸à¸²à¸£à¸”à¹‰à¸§à¸¢à¸•à¸²à¹à¸¥à¸°à¸¡à¸·à¸­ à¸ à¸²à¸à¸—à¸µà¹ˆà¹à¸ªà¸”à¸‡ blend à¹„à¸›à¹€à¸›à¹‡à¸™à¸ªà¹ˆà¸§à¸™à¸«à¸™à¸¶à¹ˆà¸‡à¸‚à¸­à¸‡à¸«à¹‰à¸­à¸‡à¹€à¸¥à¸¢ à¸‹à¹‰à¸­à¸™à¹‚à¸¥à¸à¹€à¸ªà¸¡à¸·à¸­à¸™à¹€à¸‚à¹‰à¸²à¸à¸±à¸šà¹‚à¸¥à¸à¸ˆà¸£à¸´à¸‡ à¹€à¸™à¹‰à¸™à¸à¸²à¸£à¹ƒà¸Šà¹‰à¸Šà¸µà¸§à¸´à¸•à¸›à¸£à¸°à¸ˆà¸³à¸§à¸±à¸™à¹à¸¥â€¦,1666067400113143808,2023-06-06T12:59:56.000Z,['1666067400113143808']
"RT @Venom_ecosystem: ğŸš¨ dApp announcement! ğŸš¨
Introducing @numi_verse, the very first metaverse project on the #VenomBlockchain. 

Get readyâ€¦",1666067391464210434,2023-06-06T12:59:54.000Z,['1666067391464210434']
"RT @Trillionertoken: #Trillioner #Metaverse banking is the next-generation bank, and it offers several benefits to both customers and finanâ€¦",1666067389232959489,2023-06-06T12:59:54.000Z,['1666067389232959489']
"ğŸš€Exciting news! ğŸ‰MetaRising, the sustainable metaverse platform with Clean-2-Earn &amp; Net 0 Carbon Emissions, has partnered with CWallet. Join the giveaway to win prizes! Check @Playmetarinsing @cctip_com @AINexusOfficial @BlackSexVideo @MariahCarey",1666067377510023168,2023-06-06T12:59:51.000Z,['1666067377510023168']
"RT @thehub_dao: ğŸ“¢ Join us for an exciting Twitter Space on Metaverse and #Gaming, hosted by MGH with partner @CrossTheAges !

https://t.co/â€¦",1666067372560592897,2023-06-06T12:59:50.000Z,['1666067372560592897']
"RT @noxlad1_: Are you ğŸ«µ ready to BATTLE in the metaverse?

@bearandbullnft 
Bourey vs Bulley VRMs - 
Virtual Metaverse Ready Avatars

Cominâ€¦",1666067370744643584,2023-06-06T12:59:49.000Z,['1666067370744643584']
"@NurBrks @cz_binance @CryptoSlate @Me2018c @hardeyjumoh rareland.bnb
landshop.bnb
kailasa.bnb
954095.bnb
landrocker.arb @SpaceIDProtocol #web3domains all together for 3.3bnb https://t.co/nqxzdtfimK #bnbdomains
#rareland #rare #spaceid #kailasa #metaverse #nft #domains #Web3Names #domainsforsale #bsc #BNB #bnbchain #ens #domainnames",1666067360397262849,2023-06-06T12:59:47.000Z,['1666067360397262849']
"RT @binance: Today marks the launch of @theweeknd's After Hours til' Dawn Tour!

We've got a lot in store for all fans across the globe, frâ€¦",1666067354520805378,2023-06-06T12:59:46.000Z,['1666067354520805378']
Thinking back Im so glad I didnt buy land in metaverse lmao https://t.co/XTjjrpj4t5,1666082506427469827,2023-06-06T13:59:58.000Z,['1666082506427469827']
"RT @LoveLecturer001: Have you heard about @Planet_UFORIKA?

What exclusive and special benefits is UFORIKA bringing to the blockchain and wâ€¦",1666082489922916352,2023-06-06T13:59:54.000Z,['1666082489922916352']
"#futureshots #Digital #Metaverse #gaming #GamingNews 
@AleCrisantemi @GiocoNews_it @polimi @webidoo1 @QLASH_Esports @eSportsMag_it @FilsGame @stefregoni @hfarmspa @hfarmcollege https://t.co/gpgFF8hqpc",1666082485292384256,2023-06-06T13:59:53.000Z,['1666082485292384256']
"RT @numi_verse: ğŸš€ Exciting news ğŸš€   

Numi metaverse is now live on the #VenomtestnetğŸ‰

Say hello to the ultimate metaverse experience, wheâ€¦",1666082477688094721,2023-06-06T13:59:51.000Z,['1666082477688094721']
"ğŸ¤£ğŸ¤£ğŸ¤£

Spent the last decade thinking about technology bubbles and wondered, ""My God, can it get dumber than this?"" Web 3.0/Metaverse proved definitely yes. ChatGPT has felt like powerful deja vu. And now, this. A broken record, skipping. https://t.co/HfmrqTFynI",1666082477168013312,2023-06-06T13:59:51.000Z,['1666082477168013312']
"RT @CEEK: Ready to #CEEK #ANEWREALITY
 @apple #Visionpro joins #Metaverse 
CEEK has been paving the way for this EPIC moment in #VR #Web3â€¦",1666082473514786817,2023-06-06T13:59:50.000Z,['1666082473514786817']
"RT @Venom_ecosystem: WL Giveaway!ğŸš¨
Rave game NFT is the first racing metaverse on the #VenomBlockchain, and they have been kind enough to pâ€¦",1666082472344563712,2023-06-06T13:59:50.000Z,['1666082472344563712']
"RT @cryptoart1520: There are a number of businesses that could be founded using the Metaverse. Know more about metaverse business!
#metaverâ€¦",1666082462311780354,2023-06-06T13:59:47.000Z,['1666082462311780354']
"Japanâ€™s All Nippon Airways, or ANA Group, has launched a non-fungible token platform known as â€œANA GranWhale NFT MarketPlaceâ€ to trade art and photograph collectibles through its metaverse subsidiary ANA NEO, the company tweeted on Thursday.",1666082458272661505,2023-06-06T13:59:47.000Z,['1666082458272661505']
"RT @0xOhayo: â€œLet me see what the metaverse isâ€

#VisionPro https://t.co/T7XCNWQCnF",1666082445966581762,2023-06-06T13:59:44.000Z,['1666082445966581762']
"Will the Apple Vision Pro Change the XR Training industry? ğŸ¥½

@Apple's trendsetting headset and @Meta's Quest 3 powerhouse will expand @ARuVRGlobal's XR training potential ğŸ‘‡

https://t.co/FDvZJjRRND #xr #ar #vr #metaverse",1666097610388819969,2023-06-06T14:59:59.000Z,['1666097610388819969']
"@Alteon_io Reveals 3D Content Platform amid @Apple #WWDC Event ğŸ†•

The firm's pivotal content creation tool is set to leverage Apple's ecosystem of mixed reality devices ğŸ‘‡

https://t.co/18WhAqWSzh #xr #ar #vr #metaverse",1666097609247948803,2023-06-06T14:59:59.000Z,['1666097609247948803']
RT @fedmarket_: Most donâ€™t understand how huge this is. A company that is bigger than crypto itself is about to enter the metaverse $vra #vâ€¦,1666097605661831172,2023-06-06T14:59:58.000Z,['1666097605661831172']
"RT @Tsutsaev_Ruslan: I do believe in the success of the Metaverse, AR/VR, immersive digital experiences and so on. 

Itâ€™s possible that theâ€¦",1666097603178643456,2023-06-06T14:59:57.000Z,['1666097603178643456']
#imvu #metaverse #imvukawaii #imvumodel https://t.co/oIIkImUB2M,1666097602922942467,2023-06-06T14:59:57.000Z,['1666097602922942467']
RT @GeeSpot17: Whats up #Web3 fam ... Check out my #3D version of my @BitApes_btc ... Great job by @Zebraa_officiel founder off @0xpark_Stuâ€¦,1666097598565064705,2023-06-06T14:59:56.000Z,['1666097598565064705']
"RT @StarryNift: ğŸ’¥StarryNift Citizenship &amp; 3D Space claim is live now!

ğŸ¡Citizenship #Freemint Entrance: https://t.co/hdpSfXMkfX 

ğŸ Citizensâ€¦",1666097596597964805,2023-06-06T14:59:56.000Z,['1666097596597964805']
"RT @BitFlowOfficial: ğŸ¥³#BitFlow is proud to announce a new partnership with @SecondLiveReal!

âš¡ï¸#SecondLive is create-to-earn open Metaverseâ€¦",1666097591900336130,2023-06-06T14:59:55.000Z,['1666097591900336130']
#imvu #metaverse #imvukawaii #imvumodel https://t.co/6wG6MBrnPo,1666097587290775558,2023-06-06T14:59:54.000Z,['1666097587290775558']
"The Latest Big News on @Google Geospatial Creator, XR Learning, and the Metaverse ğŸ†• 

Five XR thought leaders have joined XR Today for a stellar round table on the global immersive industry ğŸ‘‡

https://t.co/hO0ku1jiQ0 #xr #ar #vr #metaverse",1666112711459995649,2023-06-06T15:59:59.000Z,['1666112711459995649']
"I received my Arcomia RCM Airdrop Reward ğŸğŸª‚ Learn more at https://t.co/os5D8Ng6bM

#ethereum #polygon $matic $eth #metaverse #NFTgiveaway #NFTs #airdrop #arcomia",1666158010086088704,2023-06-06T18:59:59.000Z,['1666158010086088704']
@Trillionertoken Iâ€™m really interested in metaverse banking. Where can i get more info about it,1666158003815317523,2023-06-06T18:59:58.000Z,['1666158003815317523']
"RT @Wolfpackwilly: ğŸš¨ IMPORTANT INFO ON $ALPHA V2 &amp; PRESALE ğŸš¨ 

@AlphaMetaEco 

ğŸ‘‡ ğŸ‘‡ ğŸ‘‡ 

â€œAfter launching the original #AlphaCoin in 2021, weâ€¦",1666157995594481688,2023-06-06T18:59:56.000Z,['1666157995594481688']
"@metropolisworld @discord @RashidAjami @TheRaniaAjami Persona Parlor has the potential to become the number 1 fashion market of #Metaverse ğŸ”¥ character customizations looks so exciting.
Tokenomics is coming, this should be very fun ğŸ», and above all, #MetropolisWorld is getting prepared to onboard/host millions ğŸ‘€ğŸ”¥ğŸ‘ŒğŸ»",1666157987096821771,2023-06-06T18:59:54.000Z,['1666157987096821771']
"RT @TurkeyPrimeXBT: ğŸ¤– ğŸï¸ #Metaverse tokenleri, Metaverse iÃ§inde dijital Ã¶demeler yapmak iÃ§in kullanÄ±labilen bir #sanal para birimidir.

ğŸ“Œ #â€¦",1666157987088715777,2023-06-06T18:59:54.000Z,['1666157987088715777']
RT @thedropnft: It was a huge day for the biggest company in the world as the launch of the highly anticipated AR/VR headset finally is undâ€¦,1666157986182463489,2023-06-06T18:59:54.000Z,['1666157986182463489']
"ğŸš€Exciting news! ğŸ‰MetaRising, the sustainable metaverse platform with Clean-2-Earn &amp; Net 0 Carbon Emissions, has partnered with CWallet. Join the giveaway to win prizes! Check @Playmetarinsing @cctip_com @jolle_single @lokhgfdds @Rahki",1666157984211419137,2023-06-06T18:59:53.000Z,['1666157984211419137']
"RT @binance: Today marks the launch of @theweeknd's After Hours til' Dawn Tour!

We've got a lot in store for all fans across the globe, frâ€¦",1666157982449532943,2023-06-06T18:59:53.000Z,['1666157982449532943']
"RT @binance: Last week we crowned the champion of #BuildTheBlock, the worldâ€™s first Web3 entrepreneur reality show set entirely in the metaâ€¦",1666157960051949570,2023-06-06T18:59:48.000Z,['1666157960051949570']
"@CryptoSolutionG @aki_protocol thanks for ama... my question is.
Which one will be more popular than the others in the near future?
Gamefi,Web3,Metaverse.. what u think?",1666157955920822272,2023-06-06T18:59:47.000Z,['1666157955920822272']
"RT @0xOhayo: â€œLet me see what the metaverse isâ€

#VisionPro https://t.co/T7XCNWQCnF",1666173106640023552,2023-06-06T19:59:59.000Z,['1666173106640023552']
"RT @ravegamenft: WEBSITE IS LIVE!

ğŸ‘‰ https://t.co/SPO9j6kd81

Visit to learn more about the Rave #Metaverse and see our big vision on #Venoâ€¦",1666173102978416642,2023-06-06T19:59:58.000Z,['1666173102978416642']
"RT @witchwitch_sns: ğŸ“£Pre-open Retweet Event!ğŸ“£

Check out more on how to participate the new event through the link below
https://t.co/fSIAWâ€¦",1666173081986138113,2023-06-06T19:59:53.000Z,['1666173081986138113']
"RT @Venom_India_: Prepare yourselves for a thrilling adventure ğŸš€

@numi_verse is now LIVE on Venom Testnet!

Experience the ultimate metaveâ€¦",1666173081914679297,2023-06-06T19:59:53.000Z,['1666173081914679297']
"RT @Beth_Kindig: Investors can get burned by being too early. For example, autonomous vehicles (AVs) were promised in 2019, and the Metaverâ€¦",1666173069402988553,2023-06-06T19:59:50.000Z,['1666173069402988553']
"RT @MarcoPoloMaps: If Apple event yesterday thought us something is that VR/AR/Metaverse reality is closer than most people think.

This isâ€¦",1666173068128002048,2023-06-06T19:59:50.000Z,['1666173068128002048']
"RT @Serkan1149: @belufrancese Buying more $mbet ğŸ’¯
@mbet will be fun

#MetaBET will not only be a gambling ecosystem, but also a one-stop shâ€¦",1666173039996809217,2023-06-06T19:59:43.000Z,['1666173039996809217']
"RT @rektinpeacebtc: If you donâ€™t have $WAY #waygate in your portfolio sorry but  you ngmi anon. 

@thewaygateio 

#nft #Metaverse #3dNft #vâ€¦",1666173024586944512,2023-06-06T19:59:39.000Z,['1666173024586944512']
"A completely new metaverse that will help you immerse yourself in your virtual piece of land
https://t.co/lpOySFMXwH",1666173014126256128,2023-06-06T19:59:37.000Z,['1666173014126256128']
"@psb_dc @Chris_Skinner Forget about crypto, Metaverse, and AI. It's the dawn of #SpatialComputing.",1666172991523389440,2023-06-06T19:59:31.000Z,['1666172991523389440']
"Metaverse Puppets are now available, this is a collection well worth collecting, take a look i started with 5 different puppets!
price starting at 0.02 eth a puppet in the beginning.
#NFT #NFTProject 
https://t.co/gP2PujwBTV",1666188206520381440,2023-06-06T20:59:59.000Z,['1666188206520381440']
"RT @Cuberium: Ready to unlock the metaverse for your business, @rozetka_ua?

â€¢ discover virtual experiences
â€¢ connect with a vibrant communâ€¦",1666188197926166547,2023-06-06T20:59:57.000Z,['1666188197926166547']
"RT @numi_verse: ğŸš€ Exciting news ğŸš€   

Numi metaverse is now live on the #VenomtestnetğŸ‰

Say hello to the ultimate metaverse experience, wheâ€¦",1666188186337304578,2023-06-06T20:59:54.000Z,['1666188186337304578']
"RT @EFF: Digital rights don't disappear in the metaverse (or in ""spatial computing""). Learn more: https://t.co/ZjMc1OvaMS",1666188177822867459,2023-06-06T20:59:52.000Z,['1666188177822867459']
"RT @sinsonetwork: Tomorrowâ—ï¸Tune in for #TwitterSpace session with @metaheadAZ &amp; @0xharesâ£ï¸

TopicğŸ™ Planet Hares &amp; Future Gaming- The Cruciâ€¦",1666188156188631040,2023-06-06T20:59:47.000Z,['1666188156188631040']
"@HELIX_Metaverse @HelixMyer I am on the road, but anyone who loves Helix needs to raid this post! Let him know about us! https://t.co/3L10swpZoS",1666188153059962882,2023-06-06T20:59:46.000Z,['1666188153059962882']
RT @HelenaSpringer6: Grateful for all of this progress and looking forward to more updates in the future!   #Metaverse  #Crypto  #NFT,1666188147011584002,2023-06-06T20:59:45.000Z,['1666188147011584002']
"RT @numi_verse: Discover a world of endless opportunities in Numiverse, the first anime metaverse on the @VenomFoundation blockchainğŸŒ  

Châ€¦",1666188128854462464,2023-06-06T20:59:40.000Z,['1666188128854462464']
RT @FaucisBeagles: @pranksy .@HELIX_Metaverse is building a 1:1 recreation of Manhattan on UE5.  Every single item in the game is an NFT.â€¦,1666188127940014080,2023-06-06T20:59:40.000Z,['1666188127940014080']
"RT @NetBornGaming: ğŸ‰ ATTENTION! ğŸ‰
ğŸ Massive 300K GUARANTEED GIVEAWAY! ğŸ
ğŸŒŸ Win amazing prizes! ğŸ’°
 ğŸ”¥Don't miss out! Good luck! ğŸ€âœ¨

ğŸ”¥Click herâ€¦",1666188109082513409,2023-06-06T20:59:36.000Z,['1666188109082513409']
"RT @Defi_Eagle: ğŸª @SecondLiveReal has joined forces in a fresh strategic collaboration with @HorizonLandMeta.

ğŸŒŒ #HorizonLand is a decentraâ€¦",1666203297404043264,2023-06-06T21:59:57.000Z,['1666203297404043264']
"RT @MatrixAI_Turkey: ğŸ”¹ NeuraMatrix - #Metaverse iÃ§in Daha Ä°yi Bir Sinir BaÄŸlantÄ±sÄ±          Makale YAYINDA âœ… 

TÃ¼rkÃ§e ğŸ‡¹ğŸ‡·
https://t.co/wNQaUâ€¦",1666203296522985482,2023-06-06T21:59:57.000Z,['1666203296522985482']
"RT @metagalaxyland: Do you want to terraform a livable planet? 
Build the Atmosphere Generator on your planet first to create breathable aiâ€¦",1666203292861603840,2023-06-06T21:59:56.000Z,['1666203292861603840']
"RT @Venom_ecosystem: WL Giveaway!ğŸš¨
Rave game NFT is the first racing metaverse on the #VenomBlockchain, and they have been kind enough to pâ€¦",1666203292190269476,2023-06-06T21:59:56.000Z,['1666203292190269476']
RT @BrookingsInst: Big tech companies are investing billions of dollars in creating the metaverse. @akorinek discusses how to create socialâ€¦,1666203283856461826,2023-06-06T21:59:54.000Z,['1666203283856461826']
"Contacting their support is totally pointless, because they are not going to reply. You can inbox us now weâ€™re fast and reliable. Available 24 hours. #coinbase #facebook #discord #instagram #snapchat #trustwalletÂ  #game #Cryptos #BNBÂ  #account #help #support #WhatsApp #Metaverse https://t.co/iR2h1qffvX",1666203279515082789,2023-06-06T21:59:53.000Z,['1666203279515082789']
"RT @Lamina1official: It's 'Metaverse Identity Week' on the L1 Discord. Join us by sharing your opinion below:

T/F â€“ A person should be ablâ€¦",1666203266781175829,2023-06-06T21:59:50.000Z,['1666203266781175829']
"RT @XANAMetaverse: ğŸ“ºXANA News: XANA DIVA

ğŸ‘‰#XANA #Metaverse Founder @XANA_RIO talks about Metaverse Idol Show. MusicğŸ¤has the power to transâ€¦",1666203261941186560,2023-06-06T21:59:48.000Z,['1666203261941186560']
"RT @VirtuixEco: Hello everyone. We are proud to announce our website. Small beginnings are the footsteps of big steps. Stay tuned!

#NFT  #â€¦",1666203258925248513,2023-06-06T21:59:48.000Z,['1666203258925248513']
L'appel Ã  l'aventure de juin : Plongez dans le #Web3 et libÃ©rez votre crÃ©ativitÃ© dans https://t.co/24W7M1Z1akğŸ˜â›±ï¸â˜€ï¸]#Metaverse https://t.co/ss9koo8eGh https://t.co/clCBS03lsd,1666203240306733056,2023-06-06T21:59:43.000Z,['1666203240306733056']
"RT @vc1algiz: ä¸–ç•Œåˆã®ãƒ¡ã‚¿ãƒãƒ¼ã‚¹ç‰¹åŒ–ãƒã‚§ãƒ¼ãƒ³ã€ŒCaduceusï¼ˆã‚«ãƒ‰ã‚¥ã‚»ã‚¦ã‚¹ï¼‰ãƒ»CMPã€ã«é–¢ã™ã‚‹è§£èª¬è¨˜äº‹ã§ã™ã€‚ãœã²ã”ä¸€èª­ãã ã•ã„ã€‚

 https://t.co/kwq5Wmmksx

#ãƒ¡ã‚¿ãƒãƒ¼ã‚¹ #Caduceus #CMP #ã‚¤ãƒ¼ã‚µã‚­ãƒ©ãƒ¼ #ãƒã‚§ãƒ¼ãƒ³ #ã‚½ãƒ©â€¦",1666218396214542339,2023-06-06T22:59:57.000Z,['1666218396214542339']
"RT @Avive_World: #Avive bridges the gap between the real and digital worlds by combining Proof of Digital Footprints with VR. 

Dive into aâ€¦",1666218396088938497,2023-06-06T22:59:57.000Z,['1666218396088938497']
"RT @kuzisatoshinin: Venom TÃ¼rkiye sponsorluÄŸunda 2 kiÅŸiye toplamda 100$ hediye ediyoruz ğŸ

â˜‘ï¸Takip et ğŸ‘‡
@Venom_Turkiye

â˜‘ï¸ RT + BeÄŸen 

Ayrâ€¦",1666218374811066368,2023-06-06T22:59:52.000Z,['1666218374811066368']
"RT @BillyM2k: The Apple Vision Pro is going to flop. Guaranteed.

My 30+ years as a technology thought leader gives me unparalleled insightâ€¦",1666218366422401024,2023-06-06T22:59:50.000Z,['1666218366422401024']
"RT @numi_verse: ğŸš€ Exciting news ğŸš€   

Numi metaverse is now live on the #VenomtestnetğŸ‰

Say hello to the ultimate metaverse experience, wheâ€¦",1666218359367540736,2023-06-06T22:59:48.000Z,['1666218359367540736']
"RT @AviveAPP: âš¡ï¸#Avive takes community to new heights as the world's largest Token Gated Community, connecting users from over 130 countrieâ€¦",1666218358491213824,2023-06-06T22:59:48.000Z,['1666218358491213824']
"RT @Defi_Eagle: ğŸª @SecondLiveReal has joined forces in a fresh strategic collaboration with @HorizonLandMeta.

ğŸŒŒ #HorizonLand is a decentraâ€¦",1666218344629022726,2023-06-06T22:59:44.000Z,['1666218344629022726']
"RT @staratlas: Star Atlas Showroom Release 2.1 is out NOW!

From wild racing tracks of the Volant Station to jetpacks, ALL ships being flyaâ€¦",1666218332976996353,2023-06-06T22:59:42.000Z,['1666218332976996353']
"RT @PG_Metaverse_OG: ğŸ¤©ğŸ¤©FIMBOL LOWBIE #Giveaway ğŸ¤©ğŸ¤©

â­ï¸ Follow @PG_Metaverse_OG &amp; @staratlas 
â­ï¸ Like &amp; RT + Tag 3 Friends
â­ï¸ Subscribe to htâ€¦",1666218332666699778,2023-06-06T22:59:42.000Z,['1666218332666699778']
"RT @Web3_Lunatic: Step into a realm where possibilities are boundless, where the lines between reality and imagination blur into a tapestryâ€¦",1666218332217921548,2023-06-06T22:59:41.000Z,['1666218332217921548']
@BillyM2k Meta in a few in a couple of decades or less will rule the VR headset and the Metaverse. They taking big strides. On JRE he unveiled alot of things. META gonna keep increasing. But Elon d!ck riders keep on whining about Facebook,1666233504190058496,2023-06-06T23:59:59.000Z,['1666233504190058496']
"RT @Feliciano_ONE: $LTO is a blockchain platform with a heavy focus on Digital Assets, Privacy / Digital Identities.
#LTO will focus on:
-â€¦",1666233492210851842,2023-06-06T23:59:56.000Z,['1666233492210851842']
"RT @kegofficial_: ğŸ˜€Much interest in airdrop by ""KEG""

Congratulations on getting over 1300 views on this post!

#KEG #AIRDROP #NOW #P2E #Meâ€¦",1666233487324577796,2023-06-06T23:59:55.000Z,['1666233487324577796']
"RT @XANAMetaverse: ğŸ“ºXANA News: XANA DIVA

ğŸ‘‰#XANA #Metaverse Founder @XANA_RIO talks about Metaverse Idol Show. MusicğŸ¤has the power to transâ€¦",1666233470258143233,2023-06-06T23:59:51.000Z,['1666233470258143233']
"RT @Cuberium: Ready to unlock the metaverse for your business, @rozetka_ua?

â€¢ discover virtual experiences
â€¢ connect with a vibrant communâ€¦",1666233461059854336,2023-06-06T23:59:48.000Z,['1666233461059854336']
"RT @MeStar_Game: ğŸ‰ Itâ€™s time for a MeStar Report Card
â¤ï¸ Around 3000 players possess their own STAR Coins.
ğŸŒ  Earn more Star Coins by compleâ€¦",1666233456026611712,2023-06-06T23:59:47.000Z,['1666233456026611712']
"RT @Venom_ecosystem: WL Giveaway!ğŸš¨
Rave game NFT is the first racing metaverse on the #VenomBlockchain, and they have been kind enough to pâ€¦",1666233448346861569,2023-06-06T23:59:45.000Z,['1666233448346861569']
@cb_doge And #AlphaCoin is the Best #Metaverse in the World https://t.co/cdeEnXmJTX,1666233439593406465,2023-06-06T23:59:43.000Z,['1666233439593406465']
"RT @sophiaverse: Welcome to SophiaVerse! ğŸª·

A gamified ecosystem of Web2 &amp; #Web3 experiences that allow humans &amp; AIs to live, learn &amp; growâ€¦",1666233428482686980,2023-06-06T23:59:41.000Z,['1666233428482686980']
"RT @Metavers_Worlds: âš”ï¸ A decentralized NFT liquidity protocol that boosts the buildup of play-to-earn economies, @AFK_DAO has announced aâ€¦",1666233415405010944,2023-06-06T23:59:38.000Z,['1666233415405010944']
